timestamp,open,high,low,close,volume,datetime
1769904000000,78731.9,79391.4,78650.27,79346.59,219.32499827,2026-02-01 00:00:00
1769904900000,79346.59,79417.15,78968.08,79090.7,250.59054926,2026-02-01 00:15:00
1769905800000,79090.7,79219.16,78753.4,78760.7,323.29671929,2026-02-01 00:30:00
1769906700000,78760.7,79120.23,78746.58,78900.33,165.74878766,2026-02-01 00:45:00
1769907600000,78900.33,78948.85,78478.41,78697.66,262.38514323,2026-02-01 01:00:00
1769908500000,78697.66,78876.26,78388.11,78839.03,206.05471021,2026-02-01 01:15:00
1769909400000,78839.03,78874.05,78295.3,78346.74,154.04984473,2026-02-01 01:30:00
1769910300000,78346.74,78555.89,78301.02,78524.86,135.44504834,2026-02-01 01:45:00
1769911200000,78524.86,78857.73,78380.0,78817.69,175.09650361,2026-02-01 02:00:00
1769912100000,78817.69,78900.03,78519.74,78617.7,111.59366694,2026-02-01 02:15:00
1769913000000,78617.7,78799.8,78612.27,78752.62,116.48444362,2026-02-01 02:30:00
1769913900000,78752.62,79062.95,78729.73,78900.21,136.35478735,2026-02-01 02:45:00
1769914800000,78900.21,79008.73,78743.44,78865.02,111.8182884,2026-02-01 03:00:00
1769915700000,78865.02,78898.84,78667.42,78742.77,110.48852918,2026-02-01 03:15:00
1769916600000,78742.77,78863.75,78684.5,78732.1,124.82166564,2026-02-01 03:30:00
1769917500000,78732.1,78915.05,78732.1,78866.82,86.26635177,2026-02-01 03:45:00
1769918400000,78866.82,79006.93,78719.56,78966.65,82.46024175,2026-02-01 04:00:00
1769919300000,78966.65,79118.27,78901.16,78930.72,110.60461814,2026-02-01 04:15:00
1769920200000,78930.72,79020.78,78912.52,79012.0,58.40271035,2026-02-01 04:30:00
1769921100000,79012.0,79060.47,78968.65,78968.65,59.91973308,2026-02-01 04:45:00
1769922000000,78968.65,79008.61,78729.37,78849.77,182.84318122,2026-02-01 05:00:00
1769922900000,78849.77,78988.24,78734.74,78945.87,128.56720001,2026-02-01 05:15:00
1769923800000,78945.87,78963.47,78551.56,78570.7,77.04827653,2026-02-01 05:30:00
1769924700000,78570.7,78647.9,78528.81,78616.56,118.96983892,2026-02-01 05:45:00
1769925600000,78616.56,78717.7,78599.12,78710.46,74.5139669,2026-02-01 06:00:00
1769926500000,78710.46,78822.77,78681.02,78709.4,71.42648277,2026-02-01 06:15:00
1769927400000,78709.4,78789.26,78392.83,78521.29,105.90851823,2026-02-01 06:30:00
1769928300000,78521.29,78524.44,78243.87,78296.93,153.51438149,2026-02-01 06:45:00
1769929200000,78296.93,78361.79,77961.64,78121.4,173.0620558,2026-02-01 07:00:00
1769930100000,78121.4,78219.06,78003.69,78214.8,116.80739628,2026-02-01 07:15:00
1769931000000,78214.8,78722.16,78183.41,78583.83,146.95943657,2026-02-01 07:30:00
1769931900000,78583.83,78583.83,78340.37,78341.14,99.73133478,2026-02-01 07:45:00
1769932800000,78341.14,78538.95,78341.14,78449.8,71.28512344,2026-02-01 08:00:00
1769933700000,78449.8,78505.26,78261.02,78502.06,122.20330915,2026-02-01 08:15:00
1769934600000,78502.06,78867.98,78468.61,78863.7,96.37580666,2026-02-01 08:30:00
1769935500000,78863.7,78866.86,78551.45,78601.54,153.61412954,2026-02-01 08:45:00
1769936400000,78601.54,78843.9,78550.0,78761.04,88.04023014,2026-02-01 09:00:00
1769937300000,78761.04,78843.15,78628.85,78691.24,89.8888759,2026-02-01 09:15:00
1769938200000,78691.24,78910.09,78682.52,78872.4,64.68061648,2026-02-01 09:30:00
1769939100000,78872.4,79136.02,78737.35,79034.45,116.22050731,2026-02-01 09:45:00
1769940000000,79034.45,79225.47,78887.38,79180.2,134.07518982,2026-02-01 10:00:00
1769940900000,79180.2,79180.2,78991.7,79020.08,63.53252818,2026-02-01 10:15:00
1769941800000,79020.08,79033.29,78383.41,78386.58,160.64706997,2026-02-01 10:30:00
1769942700000,78386.58,78524.95,78146.65,78281.21,174.62332135,2026-02-01 10:45:00
1769943600000,78281.21,78519.39,78281.19,78502.23,95.86063709,2026-02-01 11:00:00
1769944500000,78502.23,78506.16,78313.37,78416.2,96.33619929,2026-02-01 11:15:00
1769945400000,78416.2,78878.15,78416.2,78841.09,125.25983639,2026-02-01 11:30:00
1769946300000,78841.09,78882.24,78704.59,78747.55,71.75481783,2026-02-01 11:45:00
1769947200000,78747.55,78760.97,78495.21,78568.4,103.71882647,2026-02-01 12:00:00
1769948100000,78568.4,78624.62,78239.71,78445.6,150.57140511,2026-02-01 12:15:00
1769949000000,78445.6,78660.21,78353.27,78377.12,92.74103457,2026-02-01 12:30:00
1769949900000,78377.12,78504.7,78335.0,78460.18,69.34859294,2026-02-01 12:45:00
1769950800000,78460.18,78745.8,78458.15,78700.93,91.09144634,2026-02-01 13:00:00
1769951700000,78700.93,78774.31,78534.2,78685.84,60.27060563,2026-02-01 13:15:00
1769952600000,78685.84,78690.0,78458.84,78521.67,75.52220998,2026-02-01 13:30:00
1769953500000,78521.67,78650.87,78204.37,78313.11,126.4294067,2026-02-01 13:45:00
1769954400000,78313.11,78448.04,78080.13,78186.8,144.0452587,2026-02-01 14:00:00
1769955300000,78186.8,78217.05,77817.02,77887.39,217.76826992,2026-02-01 14:15:00
1769956200000,77887.39,78120.0,77243.0,77892.02,287.38160653,2026-02-01 14:30:00
1769957100000,77892.02,78522.77,77811.01,78211.61,231.10418544,2026-02-01 14:45:00
1769958000000,78211.61,78255.34,77531.51,77636.05,182.98172918,2026-02-01 15:00:00
1769958900000,77636.05,77695.98,76930.41,76998.97,310.98799519,2026-02-01 15:15:00
1769959800000,76998.97,77393.71,76768.64,77171.32,327.32086151,2026-02-01 15:30:00
1769960700000,77171.32,77824.96,77166.51,77584.62,207.1863619,2026-02-01 15:45:00
1769961600000,77584.62,77597.39,77099.6,77567.25,215.31230772,2026-02-01 16:00:00
1769962500000,77567.25,77829.66,77131.75,77534.5,177.71062428,2026-02-01 16:15:00
1769963400000,77534.5,77749.97,77163.77,77231.73,163.8040853,2026-02-01 16:30:00
1769964300000,77231.73,77550.42,77136.96,77494.2,129.12012743,2026-02-01 16:45:00
1769965200000,77494.2,77745.94,77411.48,77641.0,116.294167,2026-02-01 17:00:00
1769966100000,77641.0,77741.64,77338.05,77556.5,97.9394953,2026-02-01 17:15:00
1769967000000,77556.5,77639.98,77300.0,77475.47,90.14518945,2026-02-01 17:30:00
1769967900000,77475.47,77745.28,77366.24,77738.59,80.86512349,2026-02-01 17:45:00
1769968800000,77738.59,78281.19,77730.97,78243.17,140.12486341,2026-02-01 18:00:00
1769969700000,78243.17,78420.68,78003.52,78146.74,215.14965494,2026-02-01 18:15:00
1769970600000,78146.74,78186.65,77955.0,77992.8,70.97880903,2026-02-01 18:30:00
1769971500000,77992.8,78051.16,77728.14,78027.98,75.88214397,2026-02-01 18:45:00
1769972400000,78027.98,78104.9,77739.0,77739.0,85.12939735,2026-02-01 19:00:00
1769973300000,77739.0,77789.84,77626.39,77692.4,52.7530268,2026-02-01 19:15:00
1769974200000,77692.4,77799.37,77500.58,77546.2,66.51296331,2026-02-01 19:30:00
1769975100000,77546.2,77546.2,77000.0,77175.7,136.30020122,2026-02-01 19:45:00
1769976000000,77175.7,77304.49,76881.1,77204.99,187.96521848,2026-02-01 20:00:00
1769976900000,77204.99,77425.7,76621.98,76685.06,160.85567649,2026-02-01 20:15:00
1769977800000,76685.06,77738.13,76685.06,77409.99,223.42665526,2026-02-01 20:30:00
1769978700000,77409.99,77429.19,77073.78,77103.24,158.75420479,2026-02-01 20:45:00
1769979600000,77103.24,77134.63,76461.96,76743.53,183.22180119,2026-02-01 21:00:00
1769980500000,76743.53,77055.29,76542.36,76990.27,116.20124146,2026-02-01 21:15:00
1769981400000,76990.27,77162.8,76808.48,76842.9,99.42345944,2026-02-01 21:30:00
1769982300000,76842.9,76854.19,76366.5,76515.96,180.11336949,2026-02-01 21:45:00
1769983200000,76515.96,77773.5,76461.33,77495.13,181.13544105,2026-02-01 22:00:00
1769984100000,77495.13,77495.13,76697.58,77174.37,183.0412904,2026-02-01 22:15:00
1769985000000,77174.37,77613.27,77158.75,77452.87,111.40382488,2026-02-01 22:30:00
1769985900000,77452.87,77542.63,77150.0,77249.0,153.67045102,2026-02-01 22:45:00
1769986800000,77249.0,77344.43,75737.9,76649.52,490.07300284,2026-02-01 23:00:00
1769987700000,76649.52,76992.53,76150.0,76801.96,232.12902493,2026-02-01 23:15:00
1769988600000,76801.96,77613.54,76715.44,77319.06,258.85204228,2026-02-01 23:30:00
1769989500000,77319.06,77328.51,76890.25,76967.37,193.6449849,2026-02-01 23:45:00
1769990400000,76967.37,77660.73,76599.46,77540.81,183.14518501,2026-02-02 00:00:00
1769991300000,77540.81,78067.59,77500.87,77943.76,263.89404694,2026-02-02 00:15:00
1769992200000,77943.76,78182.38,77744.9,77855.62,162.22602147,2026-02-02 00:30:00
1769993100000,77855.62,77973.33,77525.0,77671.18,125.06900582,2026-02-02 00:45:00
1769994000000,77671.18,77920.74,76812.78,76815.85,166.51209846,2026-02-02 01:00:00
1769994900000,76815.85,77923.03,76635.76,77773.78,176.97088654,2026-02-02 01:15:00
1769995800000,77773.78,77835.4,77440.79,77704.96,139.02719553,2026-02-02 01:30:00
1769996700000,77704.96,77751.86,77376.99,77542.63,151.82462083,2026-02-02 01:45:00
1769997600000,77542.63,77544.3,76968.63,77191.89,193.28004995,2026-02-02 02:00:00
1769998500000,77191.89,77538.29,77034.89,77126.19,192.80627263,2026-02-02 02:15:00
1769999400000,77126.19,77255.46,76772.46,76972.11,286.90825601,2026-02-02 02:30:00
1770000300000,76972.11,77017.68,76452.36,76504.25,282.59619058,2026-02-02 02:45:00
1770001200000,76504.25,76573.28,75851.15,75877.22,260.68425466,2026-02-02 03:00:00
1770002100000,75877.22,75908.74,75086.66,75093.5,518.19856666,2026-02-02 03:15:00
1770003000000,75093.5,75201.62,74611.97,74636.68,467.07362464,2026-02-02 03:30:00
1770003900000,74636.68,76467.58,74621.91,76291.76,484.34282168,2026-02-02 03:45:00
1770004800000,76291.76,76314.76,75339.18,75529.75,454.97481064,2026-02-02 04:00:00
1770005700000,75529.75,76500.0,75481.66,76474.36,508.58540762,2026-02-02 04:15:00
1770006600000,76474.36,76588.32,76159.37,76188.98,365.21715388,2026-02-02 04:30:00
1770007500000,76188.98,76188.98,75788.67,75892.42,329.46079332,2026-02-02 04:45:00
1770008400000,75892.42,75986.32,75373.27,75526.95,281.84777329,2026-02-02 05:00:00
1770009300000,75526.95,75531.43,74931.0,75077.39,386.60543345,2026-02-02 05:15:00
1770010200000,75077.39,75449.29,74919.65,75256.37,303.38317527,2026-02-02 05:30:00
1770011100000,75256.37,75666.94,75108.89,75522.79,417.2332455,2026-02-02 05:45:00
1770012000000,75522.79,75752.98,75154.35,75647.85,399.75613312,2026-02-02 06:00:00
1770012900000,75647.85,76093.62,75397.22,75697.38,436.15208801,2026-02-02 06:15:00
1770013800000,75697.38,76787.19,75000.0,76507.9,546.0936795,2026-02-02 06:30:00
1770014700000,76507.9,76680.91,76101.52,76528.93,395.622145,2026-02-02 06:45:00
1770015600000,76528.93,76835.57,76365.03,76535.09,217.17873675,2026-02-02 07:00:00
1770016500000,76535.09,76713.11,76339.1,76439.27,285.42448744,2026-02-02 07:15:00
1770017400000,76439.27,76707.0,76412.62,76565.81,263.11701275,2026-02-02 07:30:00
1770018300000,76565.81,76943.11,76551.29,76656.42,342.2456331,2026-02-02 07:45:00
1770019200000,76656.42,76950.0,76628.18,76901.97,276.2599485,2026-02-02 08:00:00
1770020100000,76901.97,77195.98,76712.47,76791.56,239.4333538,2026-02-02 08:15:00
1770021000000,76791.56,77066.4,76680.11,76919.68,210.82697801,2026-02-02 08:30:00
1770021900000,76919.68,77090.44,76840.54,76912.15,135.63379686,2026-02-02 08:45:00
1770022800000,76912.15,76955.4,76686.92,76786.02,139.73277798,2026-02-02 09:00:00
1770023700000,76786.02,77375.92,76694.02,77372.81,178.00862307,2026-02-02 09:15:00
1770024600000,77372.81,77719.64,77216.44,77435.84,333.45537857,2026-02-02 09:30:00
1770025500000,77435.84,77817.83,77430.43,77716.63,546.38505507,2026-02-02 09:45:00
1770026400000,77716.63,77861.6,77589.82,77655.51,283.67425368,2026-02-02 10:00:00
1770027300000,77655.51,77712.42,77475.77,77625.71,189.68127557,2026-02-02 10:15:00
1770028200000,77625.71,77835.21,77500.0,77611.0,200.88069299,2026-02-02 10:30:00
1770029100000,77611.0,77621.62,77473.3,77503.13,127.3860415,2026-02-02 10:45:00
1770030000000,77503.13,77769.85,77456.0,77756.0,161.97085635,2026-02-02 11:00:00
1770030900000,77756.0,77819.62,77603.87,77814.67,108.34351912,2026-02-02 11:15:00
1770031800000,77814.67,77960.77,77754.2,77842.62,161.38819716,2026-02-02 11:30:00
1770032700000,77842.62,77961.12,77712.33,77761.03,282.81330218,2026-02-02 11:45:00
1770033600000,77761.03,77983.29,77707.3,77970.85,174.83537019,2026-02-02 12:00:00
1770034500000,77970.85,78439.9,77901.36,78175.4,257.03235111,2026-02-02 12:15:00
1770035400000,78175.4,78196.14,77843.0,77860.04,182.69886358,2026-02-02 12:30:00
1770036300000,77860.04,78060.77,77812.88,77988.82,129.93550163,2026-02-02 12:45:00
1770037200000,77988.82,78007.18,77811.8,77999.99,148.1653786,2026-02-02 13:00:00
1770038100000,77999.99,78130.22,77831.21,77919.37,155.14262209,2026-02-02 13:15:00
1770039000000,77919.37,78017.8,77813.3,77873.62,147.77803239,2026-02-02 13:30:00
1770039900000,77873.62,78450.12,77827.99,78220.64,203.32831718,2026-02-02 13:45:00
1770040800000,78220.64,78294.31,77733.0,77798.46,214.01240475,2026-02-02 14:00:00
1770041700000,77798.46,78101.53,77628.66,78023.48,231.33960434,2026-02-02 14:15:00
1770042600000,78023.48,78866.0,78001.44,78502.83,521.09637228,2026-02-02 14:30:00
1770043500000,78502.83,78757.04,77730.0,77829.74,275.1670228,2026-02-02 14:45:00
1770044400000,77829.74,78397.29,77575.77,78304.49,303.59755102,2026-02-02 15:00:00
1770045300000,78304.49,78953.42,78176.58,78622.36,267.67064467,2026-02-02 15:15:00
1770046200000,78622.36,79346.09,78429.12,79016.57,282.06271461,2026-02-02 15:30:00
1770047100000,79016.57,79193.03,78637.95,78831.07,220.88981138,2026-02-02 15:45:00
1770048000000,78831.07,79170.5,78622.02,79092.69,216.53697374,2026-02-02 16:00:00
1770048900000,79092.69,79301.4,78872.87,79170.6,315.1489549,2026-02-02 16:15:00
1770049800000,79170.6,79218.82,78832.05,79070.94,348.88538,2026-02-02 16:30:00
1770050700000,79070.94,79070.94,78582.73,78636.7,337.81869167,2026-02-02 16:45:00
1770051600000,78636.7,78998.16,78602.75,78978.57,285.42347346,2026-02-02 17:00:00
1770052500000,78978.57,79208.98,78902.33,78964.07,285.5905415,2026-02-02 17:15:00
1770053400000,78964.07,79208.5,78780.96,78874.34,292.32908782,2026-02-02 17:30:00
1770054300000,78874.34,79075.41,78797.2,78989.66,192.27521044,2026-02-02 17:45:00
1770055200000,78989.66,78989.66,78651.49,78710.31,170.10321789,2026-02-02 18:00:00
1770056100000,78710.31,78729.48,78366.78,78428.8,241.19453813,2026-02-02 18:15:00
1770057000000,78428.8,78866.47,78419.3,78576.83,185.71190121,2026-02-02 18:30:00
1770057900000,78576.83,78694.45,78557.55,78571.23,145.53946165,2026-02-02 18:45:00
1770058800000,78571.23,78694.93,78383.65,78513.73,223.70056943,2026-02-02 19:00:00
1770059700000,78513.73,78611.28,78327.95,78479.53,213.48838593,2026-02-02 19:15:00
1770060600000,78479.53,78546.97,78320.79,78543.82,200.50041283,2026-02-02 19:30:00
1770061500000,78543.82,78543.94,78296.12,78340.65,160.53166069,2026-02-02 19:45:00
1770062400000,78340.65,78666.73,78133.0,78449.33,237.80656463,2026-02-02 20:00:00
1770063300000,78449.33,78542.93,78369.77,78413.6,118.98681013,2026-02-02 20:15:00
1770064200000,78413.6,78442.47,78154.28,78187.73,137.92502712,2026-02-02 20:30:00
1770065100000,78187.73,78226.32,77887.0,77993.55,164.4106479,2026-02-02 20:45:00
1770066000000,77993.55,78397.68,77920.74,78343.88,174.84414876,2026-02-02 21:00:00
1770066900000,78343.88,78455.55,78201.36,78286.76,67.28220919,2026-02-02 21:15:00
1770067800000,78286.76,78548.7,78269.05,78366.53,89.43412941,2026-02-02 21:30:00
1770068700000,78366.53,78542.2,78362.13,78522.36,77.9259932,2026-02-02 21:45:00
1770069600000,78522.36,78850.0,78522.36,78766.93,161.77774483,2026-02-02 22:00:00
1770070500000,78766.93,78766.93,78594.3,78662.3,58.80411552,2026-02-02 22:15:00
1770071400000,78662.3,78844.41,78635.54,78832.33,72.66010523,2026-02-02 22:30:00
1770072300000,78832.33,78849.62,78664.09,78799.55,82.052393,2026-02-02 22:45:00
1770073200000,78799.55,78830.0,78670.67,78749.44,147.95638449,2026-02-02 23:00:00
1770074100000,78749.44,78818.68,78562.73,78621.1,126.79191921,2026-02-02 23:15:00
1770075000000,78621.1,78971.28,78598.44,78893.84,147.17867662,2026-02-02 23:30:00
1770075900000,78893.84,78893.84,78697.39,78739.35,117.60529808,2026-02-02 23:45:00
1770076800000,78739.35,78765.51,78405.07,78577.05,198.30035302,2026-02-03 00:00:00
1770077700000,78577.05,78938.76,78529.27,78893.14,189.04668844,2026-02-03 00:15:00
1770078600000,78893.14,78959.71,78759.16,78951.08,187.25356595,2026-02-03 00:30:00
1770079500000,78951.08,79095.43,78839.73,79065.08,170.56216381,2026-02-03 00:45:00
1770080400000,79065.08,79180.99,78798.88,78929.57,279.55473707,2026-02-03 01:00:00
1770081300000,78929.57,78981.64,78716.42,78905.17,201.91454609,2026-02-03 01:15:00
1770082200000,78905.17,78936.53,78802.79,78934.99,135.99458227,2026-02-03 01:30:00
1770083100000,78934.99,79025.63,78863.32,79016.32,131.98343468,2026-02-03 01:45:00
1770084000000,79016.32,79016.4,78480.0,78526.35,131.20481542,2026-02-03 02:00:00
1770084900000,78526.35,78845.36,78507.63,78698.6,97.5796316,2026-02-03 02:15:00
1770085800000,78698.6,78713.38,78377.86,78391.49,114.52843229,2026-02-03 02:30:00
1770086700000,78391.49,78391.49,77798.52,77809.63,313.75932271,2026-02-03 02:45:00
1770087600000,77809.63,78098.89,77657.83,78043.86,177.96405236,2026-02-03 03:00:00
1770088500000,78043.86,78309.53,77786.74,78308.67,172.81958468,2026-02-03 03:15:00
1770089400000,78308.67,78608.94,78251.15,78548.71,134.62347636,2026-02-03 03:30:00
1770090300000,78548.71,78888.31,78511.11,78755.24,186.33551922,2026-02-03 03:45:00
1770091200000,78755.24,78794.39,78538.02,78758.91,102.97997699,2026-02-03 04:00:00
1770092100000,78758.91,78760.71,78487.63,78502.77,95.39276402,2026-02-03 04:15:00
1770093000000,78502.77,78995.0,78502.76,78980.31,192.65093163,2026-02-03 04:30:00
1770093900000,78980.31,78991.91,78780.8,78802.53,115.13715517,2026-02-03 04:45:00
1770094800000,78802.53,78813.57,78501.1,78505.2,102.21878594,2026-02-03 05:00:00
1770095700000,78505.2,78522.05,78277.56,78432.89,120.13056636,2026-02-03 05:15:00
1770096600000,78432.89,78494.51,78319.83,78360.64,119.91207833,2026-02-03 05:30:00
1770097500000,78360.64,78499.95,78218.91,78246.1,66.23548992,2026-02-03 05:45:00
1770098400000,78246.1,78317.95,78000.0,78071.05,150.84842802,2026-02-03 06:00:00
1770099300000,78071.05,78609.38,78039.77,78570.2,234.90895371,2026-02-03 06:15:00
1770100200000,78570.2,78631.61,78428.52,78466.65,122.0684157,2026-02-03 06:30:00
1770101100000,78466.65,78660.0,78465.3,78596.05,128.6188801,2026-02-03 06:45:00
1770102000000,78596.05,78888.0,78500.0,78748.72,126.06667597,2026-02-03 07:00:00
1770102900000,78748.72,78785.76,78607.82,78669.52,108.21495948,2026-02-03 07:15:00
1770103800000,78669.52,78922.54,78659.36,78835.24,124.77099758,2026-02-03 07:30:00
1770104700000,78835.24,78854.46,78706.18,78774.13,117.11595063,2026-02-03 07:45:00
1770105600000,78774.13,78905.85,78463.25,78490.79,164.4285348,2026-02-03 08:00:00
1770106500000,78490.79,78969.78,78463.96,78880.58,160.55860647,2026-02-03 08:15:00
1770107400000,78880.58,79070.36,78783.91,79007.21,186.30192788,2026-02-03 08:30:00
1770108300000,79007.21,79007.21,78678.96,78746.46,105.40741822,2026-02-03 08:45:00
1770109200000,78746.46,78845.6,78165.46,78182.49,213.32066965,2026-02-03 09:00:00
1770110100000,78182.49,78371.75,78000.0,78000.0,260.94489498,2026-02-03 09:15:00
1770111000000,78000.0,78421.77,78000.0,78316.65,159.19218567,2026-02-03 09:30:00
1770111900000,78316.65,78450.0,78213.4,78397.99,55.11302946,2026-02-03 09:45:00
1770112800000,78397.99,78557.15,78341.38,78531.28,114.3835154,2026-02-03 10:00:00
1770113700000,78531.28,78565.3,78391.55,78478.53,67.13664032,2026-02-03 10:15:00
1770114600000,78478.53,78478.53,78127.23,78165.32,95.30755213,2026-02-03 10:30:00
1770115500000,78165.32,78225.97,78069.56,78121.22,82.35668184,2026-02-03 10:45:00
1770116400000,78121.22,78259.94,78073.83,78231.71,75.01894142,2026-02-03 11:00:00
1770117300000,78231.71,78280.13,78018.73,78055.8,105.57642945,2026-02-03 11:15:00
1770118200000,78055.8,78271.73,78004.8,78219.21,94.08305321,2026-02-03 11:30:00
1770119100000,78219.21,78348.14,78075.35,78081.64,69.10700912,2026-02-03 11:45:00
1770120000000,78081.64,78303.78,78001.0,78220.78,143.33427682,2026-02-03 12:00:00
1770120900000,78220.78,78339.08,78136.95,78322.65,217.79911107,2026-02-03 12:15:00
1770121800000,78322.65,78347.85,78202.16,78250.0,175.16777152,2026-02-03 12:30:00
1770122700000,78250.0,78418.28,78227.37,78335.32,131.42329273,2026-02-03 12:45:00
1770123600000,78335.32,78450.58,78240.08,78411.26,80.72155356,2026-02-03 13:00:00
1770124500000,78411.26,78459.99,78204.52,78424.52,119.16888101,2026-02-03 13:15:00
1770125400000,78424.52,78458.46,78288.6,78302.48,80.55237759,2026-02-03 13:30:00
1770126300000,78302.48,78410.0,78200.0,78308.0,91.09534714,2026-02-03 13:45:00
1770127200000,78308.0,78410.0,78263.2,78355.82,100.00455307,2026-02-03 14:00:00
1770128100000,78355.82,78435.36,78082.49,78429.83,188.20665317,2026-02-03 14:15:00
1770129000000,78429.83,78433.03,77665.95,77870.04,274.59469931,2026-02-03 14:30:00
1770129900000,77870.04,78200.0,77167.86,77202.75,315.56113296,2026-02-03 14:45:00
1770130800000,77202.75,77670.0,77089.5,77172.95,283.69423584,2026-02-03 15:00:00
1770131700000,77172.95,78100.0,77057.58,77722.08,371.75370538,2026-02-03 15:15:00
1770132600000,77722.08,78201.72,77483.01,77483.01,291.7482917,2026-02-03 15:30:00
1770133500000,77483.01,78195.64,77324.05,78130.77,256.42985087,2026-02-03 15:45:00
1770134400000,78130.77,78132.58,77350.0,77350.01,247.98104687,2026-02-03 16:00:00
1770135300000,77350.01,77416.05,76696.7,76696.7,381.26468606,2026-02-03 16:15:00
1770136200000,76696.7,76909.11,76574.27,76757.56,449.41225676,2026-02-03 16:30:00
1770137100000,76757.56,76851.7,76482.2,76484.57,366.48292362,2026-02-03 16:45:00
1770138000000,76484.57,76513.52,75693.79,75694.85,433.88901643,2026-02-03 17:00:00
1770138900000,75694.85,76107.49,75694.07,75894.42,339.74085316,2026-02-03 17:15:00
1770139800000,75894.42,75959.54,75140.23,75140.23,405.74060311,2026-02-03 17:30:00
1770140700000,75140.23,75394.08,74888.88,74906.75,399.73868702,2026-02-03 17:45:00
1770141600000,74906.75,75274.52,74671.23,74684.17,464.80551654,2026-02-03 18:00:00
1770142500000,74684.17,74869.07,74000.0,74083.29,588.50325698,2026-02-03 18:15:00
1770143400000,74083.29,74302.62,73716.77,73726.93,554.84861202,2026-02-03 18:30:00
1770144300000,73726.93,73779.75,73139.47,73143.52,344.37117654,2026-02-03 18:45:00
1770145200000,73143.52,74912.94,72954.83,74577.02,518.08374889,2026-02-03 19:00:00
1770146100000,74577.02,75260.61,74264.82,74936.66,410.96336841,2026-02-03 19:15:00
1770147000000,74936.66,75256.54,74793.53,74913.38,271.20761281,2026-02-03 19:30:00
1770147900000,74913.38,75051.45,74328.95,74932.23,381.41761924,2026-02-03 19:45:00
1770148800000,74932.23,75082.56,74594.43,74708.86,215.27581856,2026-02-03 20:00:00
1770149700000,74708.86,75881.66,74590.49,75664.84,303.15536851,2026-02-03 20:15:00
1770150600000,75664.84,76612.08,75657.1,76375.85,345.55742737,2026-02-03 20:30:00
1770151500000,76375.85,76725.74,76207.25,76494.97,170.50973779,2026-02-03 20:45:00
1770152400000,76494.97,76954.11,76461.49,76790.4,377.30030259,2026-02-03 21:00:00
1770153300000,76790.4,76807.25,76349.35,76496.02,143.92776909,2026-02-03 21:15:00
1770154200000,76496.02,76649.09,76226.13,76372.51,132.47561114,2026-02-03 21:30:00
1770155100000,76372.51,76469.15,76124.89,76237.9,122.65163114,2026-02-03 21:45:00
1770156000000,76237.9,76297.75,75739.9,75842.39,223.67532603,2026-02-03 22:00:00
1770156900000,75842.39,76074.09,75514.49,76028.99,195.93656995,2026-02-03 22:15:00
1770157800000,76028.99,76086.19,75801.51,75804.86,150.63584769,2026-02-03 22:30:00
1770158700000,75804.86,75814.71,75402.27,75707.31,150.56292182,2026-02-03 22:45:00
1770159600000,75707.31,75766.79,75427.99,75766.7,223.03992398,2026-02-03 23:00:00
1770160500000,75766.7,75957.42,75642.88,75752.27,131.98841334,2026-02-03 23:15:00
1770161400000,75752.27,75996.58,75685.32,75857.88,97.50653028,2026-02-03 23:30:00
1770162300000,75857.88,75863.09,75552.95,75768.79,115.61076462,2026-02-03 23:45:00
1770163200000,75768.79,75771.54,75464.31,75466.02,183.5719444,2026-02-04 00:00:00
1770164100000,75466.02,76037.51,75466.02,76027.58,132.95132438,2026-02-04 00:15:00
1770165000000,76027.58,76262.63,75958.41,76055.75,123.35590431,2026-02-04 00:30:00
1770165900000,76055.75,76250.0,75877.38,75907.69,76.93866918,2026-02-04 00:45:00
1770166800000,75907.69,76563.98,75907.69,76534.54,160.23032826,2026-02-04 01:00:00
1770167700000,76534.54,76582.28,76349.95,76469.57,108.12602265,2026-02-04 01:15:00
1770168600000,76469.57,76805.13,76442.14,76696.69,246.19468293,2026-02-04 01:30:00
1770169500000,76696.69,76702.14,76289.77,76425.83,166.12719635,2026-02-04 01:45:00
1770170400000,76425.83,76601.71,76327.63,76381.57,114.09887008,2026-02-04 02:00:00
1770171300000,76381.57,76612.88,76181.18,76183.32,157.16241745,2026-02-04 02:15:00
1770172200000,76183.32,76189.94,75753.41,76008.5,181.89627641,2026-02-04 02:30:00
1770173100000,76008.5,76082.36,75762.39,75965.31,156.42801238,2026-02-04 02:45:00
1770174000000,75965.31,76637.02,75905.47,76637.02,196.38802222,2026-02-04 03:00:00
1770174900000,76637.02,76707.28,76376.63,76388.58,141.81950059,2026-02-04 03:15:00
1770175800000,76388.58,76966.65,76378.36,76681.29,279.9625529,2026-02-04 03:30:00
1770176700000,76681.29,76773.39,76640.92,76697.15,121.76492264,2026-02-04 03:45:00
1770177600000,76697.15,76828.92,76620.62,76732.72,101.58510256,2026-02-04 04:00:00
1770178500000,76732.72,76733.95,76524.35,76594.94,86.18513772,2026-02-04 04:15:00
1770179400000,76594.94,76759.07,76589.71,76590.22,111.45148677,2026-02-04 04:30:00
1770180300000,76590.22,76596.37,76413.23,76478.57,106.13849245,2026-02-04 04:45:00
1770181200000,76478.57,76604.4,76408.56,76478.35,285.35750986,2026-02-04 05:00:00
1770182100000,76478.35,76520.69,76338.66,76467.71,140.7278153,2026-02-04 05:15:00
1770183000000,76467.71,76467.71,76242.0,76248.83,136.44563423,2026-02-04 05:30:00
1770183900000,76248.83,76340.42,76108.33,76280.8,189.77257302,2026-02-04 05:45:00
1770184800000,76280.8,76580.29,76254.96,76553.77,101.28631149,2026-02-04 06:00:00
1770185700000,76553.77,76569.99,76340.98,76489.6,104.20001004,2026-02-04 06:15:00
1770186600000,76489.6,76744.5,76439.34,76710.02,129.98475154,2026-02-04 06:30:00
1770187500000,76710.02,76783.61,76556.28,76651.22,108.06075632,2026-02-04 06:45:00
1770188400000,76651.22,76659.01,76333.33,76610.39,118.16237873,2026-02-04 07:00:00
1770189300000,76610.39,76620.7,76393.22,76451.36,89.28014622,2026-02-04 07:15:00
1770190200000,76451.36,76619.81,76372.05,76553.06,135.47976727,2026-02-04 07:30:00
1770191100000,76553.06,76586.33,76445.13,76509.87,81.02444244,2026-02-04 07:45:00
1770192000000,76509.87,76534.4,76216.93,76409.98,221.44493633,2026-02-04 08:00:00
1770192900000,76409.98,76515.73,76085.39,76124.77,118.20016246,2026-02-04 08:15:00
1770193800000,76124.77,76385.66,76067.35,76364.38,89.82205073,2026-02-04 08:30:00
1770194700000,76364.38,76603.83,76364.38,76590.01,89.48098745,2026-02-04 08:45:00
1770195600000,76590.01,76605.02,76315.33,76317.52,86.85860077,2026-02-04 09:00:00
1770196500000,76317.52,76347.94,76122.35,76156.38,116.45212468,2026-02-04 09:15:00
1770197400000,76156.38,76231.3,75970.54,76110.61,140.50430859,2026-02-04 09:30:00
1770198300000,76110.61,76234.85,76074.61,76114.96,101.77418346,2026-02-04 09:45:00
1770199200000,76114.96,76219.39,76075.59,76137.62,78.9655299,2026-02-04 10:00:00
1770200100000,76137.62,76231.83,76107.06,76113.93,101.26726032,2026-02-04 10:15:00
1770201000000,76113.93,76336.73,76101.03,76262.21,74.47213469,2026-02-04 10:30:00
1770201900000,76262.21,76337.13,76226.55,76299.34,53.95225628,2026-02-04 10:45:00
1770202800000,76299.34,76299.34,75736.44,75812.44,238.68707434,2026-02-04 11:00:00
1770203700000,75812.44,76057.36,75667.85,75846.97,170.86926979,2026-02-04 11:15:00
1770204600000,75846.97,76242.52,75843.75,76014.99,173.5862718,2026-02-04 11:30:00
1770205500000,76014.99,76200.0,75973.47,76018.54,225.92098139,2026-02-04 11:45:00
1770206400000,76018.54,76222.2,76009.03,76109.09,194.23554146,2026-02-04 12:00:00
1770207300000,76109.09,76259.71,76006.46,76084.59,195.44086968,2026-02-04 12:15:00
1770208200000,76084.59,76258.84,76055.5,76177.59,144.81847841,2026-02-04 12:30:00
1770209100000,76177.59,76200.0,76074.8,76180.14,106.61234864,2026-02-04 12:45:00
1770210000000,76180.14,76190.05,76068.59,76120.44,96.3141128,2026-02-04 13:00:00
1770210900000,76120.44,76125.49,75761.02,75854.66,209.53231623,2026-02-04 13:15:00
1770211800000,75854.66,75945.61,75270.0,75361.03,340.97821555,2026-02-04 13:30:00
1770212700000,75361.03,75440.06,74865.72,74873.15,427.56037503,2026-02-04 13:45:00
1770213600000,74873.15,75369.85,74793.4,75349.32,311.42384802,2026-02-04 14:00:00
1770214500000,75349.32,75561.53,75220.9,75300.3,273.9414925,2026-02-04 14:15:00
1770215400000,75300.3,75750.0,74698.9,75219.73,492.57530893,2026-02-04 14:30:00
1770216300000,75219.73,75511.88,74259.5,74349.44,225.65844809,2026-02-04 14:45:00
1770217200000,74349.44,75080.54,73858.8,74868.2,751.24207736,2026-02-04 15:00:00
1770218100000,74868.2,75510.84,74499.91,74913.25,440.18495055,2026-02-04 15:15:00
1770219000000,74913.25,74991.82,73800.0,74366.71,442.11565059,2026-02-04 15:30:00
1770219900000,74366.71,74451.11,73888.75,74120.94,296.07078466,2026-02-04 15:45:00
1770220800000,74120.94,74207.31,73612.79,73896.81,396.48448961,2026-02-04 16:00:00
1770221700000,73896.81,74236.28,73351.01,74161.35,483.18698585,2026-02-04 16:15:00
1770222600000,74161.35,74182.35,73091.56,73122.05,421.33702711,2026-02-04 16:30:00
1770223500000,73122.05,73881.41,73078.35,73636.46,408.71414827,2026-02-04 16:45:00
1770224400000,73636.46,73845.2,72839.0,73604.71,437.25263447,2026-02-04 17:00:00
1770225300000,73604.71,73850.0,72421.69,72479.18,437.05110246,2026-02-04 17:15:00
1770226200000,72479.18,72957.21,72180.0,72770.0,479.73744982,2026-02-04 17:30:00
1770227100000,72770.0,72908.06,72283.88,72580.44,333.89873404,2026-02-04 17:45:00
1770228000000,72580.44,73287.26,72281.32,72861.31,421.54728516,2026-02-04 18:00:00
1770228900000,72861.31,73602.86,72608.03,73440.31,518.62747298,2026-02-04 18:15:00
1770229800000,73440.31,74134.31,73272.87,74010.84,617.13589561,2026-02-04 18:30:00
1770230700000,74010.84,74035.94,73401.16,73422.73,284.44232639,2026-02-04 18:45:00
1770231600000,73422.73,73918.17,73400.0,73522.07,230.99020758,2026-02-04 19:00:00
1770232500000,73522.07,73761.01,73098.6,73154.01,276.23504588,2026-02-04 19:15:00
1770233400000,73154.01,73632.76,73050.0,73605.83,202.3456963,2026-02-04 19:30:00
1770234300000,73605.83,74000.0,73438.13,73920.24,368.42188774,2026-02-04 19:45:00
1770235200000,73920.24,74150.87,73488.28,73539.34,294.91541444,2026-02-04 20:00:00
1770236100000,73539.34,73834.93,73534.94,73587.43,183.24184591,2026-02-04 20:15:00
1770237000000,73587.43,74180.0,73427.0,73650.73,172.12331379,2026-02-04 20:30:00
1770237900000,73650.73,73682.89,73497.34,73517.17,110.03988617,2026-02-04 20:45:00
1770238800000,73517.17,74250.0,73309.77,73575.58,231.11257239,2026-02-04 21:00:00
1770239700000,73575.58,73575.58,73089.8,73096.15,128.47174203,2026-02-04 21:15:00
1770240600000,73096.15,73334.22,72520.01,72617.88,223.04623437,2026-02-04 21:30:00
1770241500000,72617.88,72879.76,72217.75,72799.65,366.82312128,2026-02-04 21:45:00
1770242400000,72799.65,72861.67,71900.0,72332.96,502.73102965,2026-02-04 22:00:00
1770243300000,72332.96,73672.14,72330.09,73520.86,388.07156853,2026-02-04 22:15:00
1770244200000,73520.86,73531.97,72707.79,72805.38,313.45624974,2026-02-04 22:30:00
1770245100000,72805.38,73087.36,72430.88,72566.44,211.3674717,2026-02-04 22:45:00
1770246000000,72566.44,72846.1,72464.09,72846.1,213.25114221,2026-02-04 23:00:00
1770246900000,72846.1,73384.03,72778.99,73382.36,298.76541028,2026-02-04 23:15:00
1770247800000,73382.36,73516.1,73225.74,73386.22,226.67776713,2026-02-04 23:30:00
1770248700000,73386.22,73519.38,73148.8,73174.31,190.32383153,2026-02-04 23:45:00
1770249600000,73174.31,73219.17,72774.67,72779.05,185.54427487,2026-02-05 00:00:00
1770250500000,72779.05,73325.74,72760.37,73252.33,265.36897993,2026-02-05 00:15:00
1770251400000,73252.33,73252.33,72899.67,73102.73,173.24876006,2026-02-05 00:30:00
1770252300000,73102.73,73170.47,72820.58,72880.19,111.18013044,2026-02-05 00:45:00
1770253200000,72880.19,73342.27,72814.11,73167.47,150.28949373,2026-02-05 01:00:00
1770254100000,73167.47,73171.37,72000.0,72947.03,456.3604817,2026-02-05 01:15:00
1770255000000,72947.03,73183.58,72296.94,72635.08,387.95930283,2026-02-05 01:30:00
1770255900000,72635.08,72798.44,72408.19,72419.71,214.88959722,2026-02-05 01:45:00
1770256800000,72419.71,72555.89,72031.98,72044.98,358.34839023,2026-02-05 02:00:00
1770257700000,72044.98,72377.12,71680.0,72318.2,340.53720502,2026-02-05 02:15:00
1770258600000,72318.2,72855.16,72263.71,72587.23,284.49792918,2026-02-05 02:30:00
1770259500000,72587.23,72587.23,71320.0,71486.94,586.30317376,2026-02-05 02:45:00
1770260400000,71486.94,71880.31,71354.21,71525.96,409.71463659,2026-02-05 03:00:00
1770261300000,71525.96,71755.14,71281.31,71515.61,329.41613991,2026-02-05 03:15:00
1770262200000,71515.61,71603.93,71292.17,71443.13,348.44763844,2026-02-05 03:30:00
1770263100000,71443.13,71522.89,71152.76,71223.23,290.32677851,2026-02-05 03:45:00
1770264000000,71223.23,71427.97,71000.0,71000.0,905.22428522,2026-02-05 04:00:00
1770264900000,71000.0,71360.67,71000.0,71011.13,476.57306358,2026-02-05 04:15:00
1770265800000,71011.13,71395.97,71000.0,71354.81,670.7945703,2026-02-05 04:30:00
1770266700000,71354.81,71360.77,71000.0,71000.0,586.37173479,2026-02-05 04:45:00
1770267600000,71000.0,71299.95,71000.0,71000.01,737.75888456,2026-02-05 05:00:00
1770268500000,71000.01,71007.49,70368.01,70457.69,1363.53874881,2026-02-05 05:15:00
1770269400000,70457.69,71155.72,70341.94,71029.82,540.60972067,2026-02-05 05:30:00
1770270300000,71029.82,71059.41,70594.3,70732.74,441.29890991,2026-02-05 05:45:00
1770271200000,70732.74,70905.7,70480.68,70665.8,366.51386862,2026-02-05 06:00:00
1770272100000,70665.8,70843.66,70443.37,70513.3,412.889937,2026-02-05 06:15:00
1770273000000,70513.3,70981.32,70513.3,70877.37,319.77969839,2026-02-05 06:30:00
1770273900000,70877.37,70987.82,70586.72,70951.53,298.51477754,2026-02-05 06:45:00
1770274800000,70951.53,71599.0,70912.01,71101.43,483.59660714,2026-02-05 07:00:00
1770275700000,71101.43,71573.2,71000.5,71416.73,302.26140258,2026-02-05 07:15:00
1770276600000,71416.73,71446.55,70956.54,71160.41,384.93744732,2026-02-05 07:30:00
1770277500000,71160.41,71214.27,70647.27,70751.67,424.8608408,2026-02-05 07:45:00
1770278400000,70751.67,71106.02,70600.01,71077.15,348.10322551,2026-02-05 08:00:00
1770279300000,71077.15,71510.49,70972.44,71344.79,355.94175142,2026-02-05 08:15:00
1770280200000,71344.79,71542.79,71225.45,71241.97,300.59022605,2026-02-05 08:30:00
1770281100000,71241.97,71334.83,71044.99,71055.22,205.2954033,2026-02-05 08:45:00
1770282000000,71055.22,71864.84,71055.0,71843.34,377.32235624,2026-02-05 09:00:00
1770282900000,71843.34,71950.59,71624.72,71741.81,273.43213954,2026-02-05 09:15:00
1770283800000,71741.81,71809.59,71476.13,71483.39,326.26234892,2026-02-05 09:30:00
1770284700000,71483.39,71724.84,71442.0,71549.99,301.544515,2026-02-05 09:45:00
1770285600000,71549.99,71649.84,71310.51,71494.41,232.42779841,2026-02-05 10:00:00
1770286500000,71494.41,71731.19,71421.05,71716.41,193.59228443,2026-02-05 10:15:00
1770287400000,71716.41,71726.83,71360.66,71365.88,155.4312794,2026-02-05 10:30:00
1770288300000,71365.88,71378.36,70657.07,70858.13,428.60272923,2026-02-05 10:45:00
1770289200000,70858.13,71053.97,70711.46,70767.88,332.24559704,2026-02-05 11:00:00
1770290100000,70767.88,70942.01,69976.09,70076.3,499.91706998,2026-02-05 11:15:00
1770291000000,70076.3,70732.73,69929.91,70493.79,445.99375571,2026-02-05 11:30:00
1770291900000,70493.79,70593.47,70198.8,70328.2,346.99924902,2026-02-05 11:45:00
1770292800000,70328.2,70600.0,69930.0,69930.01,415.745972,2026-02-05 12:00:00
1770293700000,69930.01,69941.57,69166.66,69637.63,705.1039225,2026-02-05 12:15:00
1770294600000,69637.63,69840.32,69428.65,69595.91,130.82286964,2026-02-05 12:30:00
