entry_time,exit_time,price,exit,outcome,pnl,month,max_pnl,cumulative_pnl
2024-08-05 12:30:00+00:00,2024-08-05 13:30:00+00:00,50920.01,51807.5584,TRAIL,0.01743024795164022,2024-08,0.02978770035591118,0.01743024795164022
2024-08-18 04:00:00+00:00,2024-08-18 23:45:00+00:00,59450.01,58558.25985,SL,-0.014999999999999998,2024-08,0.014045077536572255,0.002430247951640223
2024-08-19 00:00:00+00:00,2024-08-20 00:15:00+00:00,58657.59,59648.03,TRAIL,0.016885112395514414,2024-08,0.02923594372015631,0.019315360347154635
2024-08-19 00:30:00+00:00,2024-08-20 00:15:00+00:00,58590.0,59648.03,TRAIL,0.018058201058201037,2024-08,0.03042328042328042,0.03737356140535567
2024-08-19 01:00:00+00:00,2024-08-20 00:15:00+00:00,58474.63,59648.03,TRAIL,0.02006682214149968,2024-08,0.03245629771406852,0.05744038354685535
2024-08-19 05:30:00+00:00,2024-08-20 00:15:00+00:00,58546.33,60315.22952692372,TP,0.030213670556697922,2024-08,0.031191878295360242,0.08765405410355327
2024-08-19 06:15:00+00:00,2024-08-20 00:15:00+00:00,58491.78,60170.33406729279,TP,0.02869726425307606,2024-08,0.03215357781896877,0.11635131835662933
2024-08-19 07:30:00+00:00,2024-08-20 00:15:00+00:00,58628.34,60208.518139702464,TP,0.026952462575308596,2024-08,0.02974943517077242,0.14330378093193794
2024-08-19 08:00:00+00:00,2024-08-20 00:15:00+00:00,58544.83,60139.23768168223,TP,0.02723396210531702,2024-08,0.03121829886601427,0.17053774303725494
2024-08-19 10:00:00+00:00,2024-08-20 00:15:00+00:00,58107.33,59927.4248676768,TP,0.03132298227567494,2024-08,0.03898251735194162,0.20186072531292987
2024-08-19 10:15:00+00:00,2024-08-20 00:15:00+00:00,58153.43,59971.21809141417,TP,0.03125848451955751,2024-08,0.03815888417931668,0.23311920983248738
2024-08-19 14:00:00+00:00,2024-08-20 00:15:00+00:00,58313.27,59648.03,TRAIL,0.022889472670628866,2024-08,0.035313231448004946,0.25600868250311626
2024-08-20 11:15:00+00:00,2024-08-20 14:30:00+00:00,60638.14,59728.5679,SL,-0.01499999999999996,2024-08,0.0052417504890486175,0.2410086825031163
2024-08-20 12:00:00+00:00,2024-08-20 14:30:00+00:00,60693.94,59783.5309,SL,-0.015000000000000072,2024-08,0.0043175644883162246,0.22600868250311623
2024-08-20 13:15:00+00:00,2024-08-20 14:30:00+00:00,60545.94,59637.7509,SL,-0.015000000000000053,2024-08,0.006772543295223356,0.2110086825031162
2024-08-21 00:00:00+00:00,2024-08-21 19:30:00+00:00,59151.6,61187.89332825832,TP,0.0344249915176989,2024-08,0.03801080613204041,0.2454336740208151
2024-08-21 01:00:00+00:00,2024-08-21 19:00:00+00:00,59060.55,61086.79324105545,TP,0.0343078965748786,2024-08,0.03524349163697256,0.2797415705956937
2024-08-23 12:30:00+00:00,2024-08-23 14:15:00+00:00,60956.0,61572.51568,TRAIL,0.01011410984972762,2024-08,0.02238270227705231,0.2898556804454213
2024-08-24 12:00:00+00:00,2024-08-26 15:15:00+00:00,64083.0,63121.755,SL,-0.015000000000000041,2024-08,0.014309567279933835,0.2748556804454213
2024-08-24 15:45:00+00:00,2024-08-26 21:15:00+00:00,63976.0,63016.36,SL,-0.01499999999999999,2024-08,0.016006002250844066,0.2598556804454213
2024-08-24 16:00:00+00:00,2024-08-26 21:15:00+00:00,64000.86,63040.8471,SL,-0.015000000000000024,2024-08,0.015611352722447782,0.24485568044542128
2024-08-28 01:45:00+00:00,2024-08-28 15:15:00+00:00,59383.63,58492.87555,SL,-0.015000000000000006,2024-08,0.01433644255159218,0.22985568044542126
2024-08-28 20:15:00+00:00,2024-08-29 22:00:00+00:00,59127.57,58782.05788,TRAIL,-0.005843502785587154,2024-08,0.034491862256473556,0.2240121776598341
2024-08-30 03:15:00+00:00,2024-08-30 15:00:00+00:00,59003.26,58118.2111,SL,-0.015000000000000027,2024-08,0.015945051171748777,0.2090121776598341
2024-09-13 07:00:00+00:00,2024-09-13 15:15:00+00:00,57871.41,59066.93684020395,TP,0.02065833267590929,2024-09,0.021421285570888855,0.22967051033574337
2024-09-13 12:30:00+00:00,2024-09-13 15:30:00+00:00,57768.97,59132.37426495405,TP,0.023600979296567858,2024-09,0.029964702503783584,0.2532714896323112
2024-09-13 12:45:00+00:00,2024-09-13 15:30:00+00:00,57910.0,59306.11824602876,TP,0.024108413849572786,2024-09,0.02745639785874633,0.277379903481884
2024-09-14 06:00:00+00:00,2024-09-15 23:00:00+00:00,60020.0,59119.7,SL,-0.015000000000000048,2024-09,0.006261246251249632,0.26237990348188395
2024-09-14 18:15:00+00:00,2024-09-15 23:00:00+00:00,59661.1,58766.1835,SL,-0.014999999999999989,2024-09,0.012314556721213728,0.24737990348188396
2024-09-15 17:15:00+00:00,2024-09-15 23:00:00+00:00,59908.01,59009.38985,SL,-0.015000000000000041,2024-09,0.004570173504344425,0.23237990348188392
2024-09-17 01:00:00+00:00,2024-09-17 14:00:00+00:00,57707.26,59062.64,TRAIL,0.02348716608620817,2024-09,0.03591818429778156,0.2558670695680921
2024-09-18 00:30:00+00:00,2024-09-18 16:00:00+00:00,60105.3,59203.7205,SL,-0.014999999999999996,2024-09,0.011042287452188028,0.2408670695680921
2024-09-18 00:45:00+00:00,2024-09-18 13:45:00+00:00,60240.0,59336.4,SL,-0.014999999999999975,2024-09,0.008781540504648074,0.2258670695680921
2024-09-18 08:45:00+00:00,2024-09-18 16:00:00+00:00,60198.05,59295.07925,SL,-0.015000000000000006,2024-09,1.6611833763321752e-07,0.2108670695680921
2024-09-19 21:00:00+00:00,2024-09-25 02:00:00+00:00,63105.97,64359.99,TIMEOUT,0.0198716539813903,2024-09,0.02712928745093367,0.23073872354948238
2024-09-19 22:30:00+00:00,2024-09-25 03:30:00+00:00,62894.0,64344.0,TIMEOUT,0.02305466340191433,2024-09,0.030590994371482143,0.2537933869513967
2024-09-20 00:30:00+00:00,2024-09-22 22:30:00+00:00,62860.0,62985.0,TRAIL,0.001988545975182946,2024-09,0.02025644288895959,0.25578193292657964
2024-09-20 01:30:00+00:00,2024-09-25 06:30:00+00:00,62959.61,63967.01,TIMEOUT,0.016000734439111066,2024-09,0.029517018926896108,0.2717826673656907
2024-09-20 07:30:00+00:00,2024-09-20 14:00:00+00:00,63510.01,62557.35985,SL,-0.01500000000000002,2024-09,0.002991496930956206,0.25678266736569066
2024-09-20 08:30:00+00:00,2024-09-25 13:30:00+00:00,63270.58,63435.01,TIMEOUT,0.0025988381962043067,2024-09,0.02445702252136769,0.259381505561895
2024-09-20 13:15:00+00:00,2024-09-25 18:15:00+00:00,62917.99,63219.99,TIMEOUT,0.004799899043183039,2024-09,0.030198040337906535,0.26418140460507805
2024-09-20 13:45:00+00:00,2024-09-25 18:45:00+00:00,62836.46,63351.0,TIMEOUT,0.008188558044167365,2024-09,0.03153471726446714,0.2723699626492454
2024-09-20 14:15:00+00:00,2024-09-25 19:15:00+00:00,63225.99,63267.58,TIMEOUT,0.0006577991107771311,2024-09,0.02517951873905019,0.2730277617600225
2024-09-21 04:15:00+00:00,2024-09-23 03:00:00+00:00,62912.77,64175.55782720768,TP,0.02007204304003281,2024-09,0.02414533647143502,0.2930998048000553
2024-09-22 16:15:00+00:00,2024-09-23 03:00:00+00:00,62676.01,64012.93796424708,TP,0.021330776548269093,2024-09,0.028014067902535557,0.3144305813483244
2024-09-22 22:15:00+00:00,2024-09-23 03:15:00+00:00,62828.01,64716.324047793,TP,0.030055289794997473,2024-09,0.030525716157490827,0.3444858711433219
2024-09-23 08:15:00+00:00,2024-09-26 17:00:00+00:00,63570.0,65732.20640189105,TP,0.03401299987244055,2024-09,0.035692936919930786,0.37849887101576246
2024-09-23 10:15:00+00:00,2024-09-26 15:30:00+00:00,63582.6,65485.3230414417,TP,0.029925216040893248,2024-09,0.030156048981954207,0.4084240870566557
2024-09-23 11:30:00+00:00,2024-09-26 15:30:00+00:00,63522.1,65219.23356530392,TP,0.026717214407331,2024-09,0.031137194771583457,0.4351413014639867
2024-09-23 12:15:00+00:00,2024-09-26 15:30:00+00:00,63527.04,65218.92416289093,TP,0.026632504251590007,2024-09,0.031057011313607545,0.46177380571557675
2024-09-23 13:15:00+00:00,2024-09-26 14:15:00+00:00,63324.53,65067.88224844668,TP,0.027530441180482212,2024-09,0.029616800945857807,0.48930424689605895
2024-09-23 13:30:00+00:00,2024-09-26 14:15:00+00:00,63337.12,65126.66137355764,TP,0.02825422711922545,2024-09,0.029412136200698696,0.5175584740152844
2024-09-23 14:45:00+00:00,2024-09-27 09:15:00+00:00,63394.5,65951.11657180106,TP,0.04032868106540882,2024-09,0.040878940602102704,0.5578871550806932
2024-09-24 01:00:00+00:00,2024-09-26 14:15:00+00:00,63035.99,65080.07946683045,TP,0.032427339791608785,2024-09,0.03432975352651719,0.590314494872302
2024-09-24 01:30:00+00:00,2024-09-26 15:30:00+00:00,63008.11,65212.11061170585,TP,0.03497963375993743,2024-09,0.03954871841101089,0.6252941286322394
2024-09-24 02:45:00+00:00,2024-09-26 15:30:00+00:00,63123.99,65314.84455227379,TP,0.03470716208328706,2024-09,0.03764036462207161,0.6600012907155265
2024-09-24 03:30:00+00:00,2024-09-26 14:15:00+00:00,63098.87,65173.90168780813,TP,0.03288540171651455,2024-09,0.033299011535388785,0.692886692432041
2024-09-24 04:45:00+00:00,2024-09-26 14:15:00+00:00,63088.0,64916.371886827925,TP,0.028981294173660993,2024-09,0.03347704793304591,0.7218679866057021
2024-09-24 14:30:00+00:00,2024-09-26 14:15:00+00:00,62921.95,64986.41974462186,TP,0.03281000898131516,2024-09,0.03620437700993061,0.7546779955870172
2024-09-24 14:45:00+00:00,2024-09-26 15:30:00+00:00,63194.89,65333.454762863155,TP,0.033840786222796744,2024-09,0.03647620875675234,0.7885187818098139
2024-09-25 06:30:00+00:00,2024-09-25 17:30:00+00:00,63967.01,63007.50485,SL,-0.01500000000000007,2024-09,0.0005001015367139712,0.7735187818098138
2024-09-25 07:15:00+00:00,2024-09-26 00:45:00+00:00,63825.99,62868.60015,SL,-0.014999999999999994,2024-09,0.0027106512566432896,0.7585187818098138
2024-09-25 10:00:00+00:00,2024-09-26 01:30:00+00:00,63650.85,62696.08725,SL,-0.015000000000000027,2024-09,0.005469683437063315,0.7435187818098138
2024-09-27 03:15:00+00:00,2024-09-30 08:45:00+00:00,65011.62,64036.445700000004,SL,-0.01499999999999998,2024-09,0.022863297361302447,0.7285187818098138
2024-09-30 15:15:00+00:00,2024-09-30 23:30:00+00:00,63849.99,62892.24015,SL,-0.015000000000000003,2024-09,0.00021252939898658887,0.7135187818098138
2024-10-01 13:45:00+00:00,2024-10-01 15:00:00+00:00,62866.8,61923.798,SL,-0.015000000000000006,2024-10,0.0034549237435339015,0.6985187818098137
2024-10-01 20:45:00+00:00,2024-10-03 13:15:00+00:00,60809.02,59896.884699999995,SL,-0.015000000000000029,2024-10,0.026004201350391783,0.6835187818098137
2024-10-14 00:15:00+00:00,2024-10-14 03:30:00+00:00,62703.05,63364.10548,TRAIL,0.010542636761688554,2024-10,0.02281643396932041,0.6940614185715023
2024-10-15 00:45:00+00:00,2024-10-15 13:45:00+00:00,65929.99,66954.44808,TRAIL,0.01553857478212869,2024-10,0.0278730513989157,0.709599993353631
2024-10-15 04:00:00+00:00,2024-10-15 13:45:00+00:00,65499.98,67340.69058167115,TP,0.028102460209471027,2024-10,0.03462107927361199,0.737702453563102
2024-10-15 06:15:00+00:00,2024-10-15 13:45:00+00:00,65472.12,67109.90453354918,TP,0.025014991626194173,2024-10,0.03506133603127561,0.7627174451892962
2024-10-15 06:45:00+00:00,2024-10-15 13:45:00+00:00,65564.98,67245.53452127455,TP,0.02563189253279036,2024-10,0.03359537362781179,0.7883493377220866
2024-10-15 09:15:00+00:00,2024-10-15 13:45:00+00:00,65667.98,67152.83409532502,TP,0.02261153906858441,2024-10,0.03197418285136847,0.810960876790671
2024-10-15 11:15:00+00:00,2024-10-15 13:45:00+00:00,65539.21,67050.45429730348,TP,0.0230586285263963,2024-10,0.0340017830547545,0.8340195053170673
2024-10-15 12:00:00+00:00,2024-10-15 13:45:00+00:00,65438.55,67116.24610830021,TP,0.025637733542387624,2024-10,0.035592322873902314,0.8596572388594549
2024-10-15 15:00:00+00:00,2024-10-20 20:00:00+00:00,65407.99,68528.31,TIMEOUT,0.04770548674557955,2024-10,0.054916991028160354,0.9073627256050344
2024-10-15 15:15:00+00:00,2024-10-20 20:15:00+00:00,65850.0,68643.97,TIMEOUT,0.04242930903568719,2024-10,0.04783599088838269,0.9497920346407216
2024-10-16 07:15:00+00:00,2024-10-18 18:30:00+00:00,66888.67,68937.48947078089,TP,0.03063029165897434,2024-10,0.031086430631675016,0.980422326299696
2024-10-16 08:00:00+00:00,2024-10-20 22:00:00+00:00,67032.82,69043.02717102974,TP,0.029988402263693086,2024-10,0.030713164088874575,1.010410728563389
2024-10-17 01:00:00+00:00,2024-10-17 13:30:00+00:00,67712.65,66696.96024999999,SL,-0.015000000000000076,2024-10,0.0028920740806924815,0.9954107285633889
2024-10-17 06:30:00+00:00,2024-10-20 22:00:00+00:00,67471.99,69019.59169291606,TP,0.02293695047257468,2024-10,0.024004331278801697,1.0183476790359636
2024-10-17 07:00:00+00:00,2024-10-18 18:30:00+00:00,67188.02,68949.10921481028,TP,0.026211357542762416,2024-10,0.026492520541608396,1.044559036578726
2024-10-17 07:15:00+00:00,2024-10-18 18:30:00+00:00,67201.99,68952.2014137524,TP,0.02604404145996851,2024-10,0.026279132507831905,1.0706030780386946
2024-10-17 07:30:00+00:00,2024-10-18 16:45:00+00:00,67208.39,68897.43631277008,TP,0.025131480054351528,2024-10,0.02513971841908437,1.0957345580930462
2024-10-17 11:45:00+00:00,2024-10-18 15:15:00+00:00,66872.43,68623.61529034078,TP,0.026186954628997113,2024-10,0.02679086134599875,1.1219215127220432
2024-10-17 12:00:00+00:00,2024-10-18 15:30:00+00:00,66924.0,68684.12205531645,TP,0.02630031162686698,2024-10,0.02851279062817528,1.1482218243489102
2024-10-17 12:30:00+00:00,2024-10-18 18:30:00+00:00,67113.99,68922.95952728816,TP,0.026953687707855705,2024-10,0.027624791790802405,1.175175512056766
2024-10-17 14:30:00+00:00,2024-10-21 00:15:00+00:00,67011.66,69416.9099774417,TP,0.03589300694001154,2024-10,0.03713294074493896,1.2110685189967776
2024-10-17 18:15:00+00:00,2024-10-22 23:15:00+00:00,66920.01,67559.99,TIMEOUT,0.009563357805834317,2024-10,0.03884503304766406,1.2206318768026119
2024-10-21 07:00:00+00:00,2024-10-21 13:15:00+00:00,68738.33,67707.25505,SL,-0.014999999999999923,2024-10,0.0003039061321390761,1.205631876802612
2024-10-21 09:00:00+00:00,2024-10-21 13:45:00+00:00,68416.01,67389.76985,SL,-0.01499999999999997,2024-10,0.0009772566391989328,1.190631876802612
2024-10-21 10:00:00+00:00,2024-10-21 13:30:00+00:00,68461.86,67434.9321,SL,-0.014999999999999928,2024-10,0.0003068861991186737,1.1756318768026122
2024-10-22 00:30:00+00:00,2024-10-23 15:30:00+00:00,66968.3,65963.7755,SL,-0.014999999999999993,2024-10,0.012957025936151759,1.1606318768026123
2024-10-24 09:00:00+00:00,2024-10-24 21:15:00+00:00,66926.01,68560.01761617594,TP,0.024415135702486223,2024-10,0.02874801590592365,1.1850470125050985
2024-10-24 09:15:00+00:00,2024-10-24 21:15:00+00:00,66974.0,68607.13564359196,TP,0.02438462154854061,2024-10,0.028010869889807985,1.209431634053639
2024-10-24 09:45:00+00:00,2024-10-24 21:00:00+00:00,66876.0,68484.25114166857,TP,0.024048255602436956,2024-10,0.02510616663676057,1.2334798896560761
2024-10-24 10:00:00+00:00,2024-10-24 21:00:00+00:00,66907.99,68489.90891726369,TP,0.02364319892532541,2024-10,0.024616043614521892,1.2571230885814015
2024-10-24 10:15:00+00:00,2024-10-24 21:15:00+00:00,67014.01,68601.11328031628,TP,0.023683156407388273,2024-10,0.027397106963155993,1.2808062449887898
2024-10-24 10:45:00+00:00,2024-10-24 21:00:00+00:00,66999.99,68533.73925700742,TP,0.02289178337201856,2024-10,0.02320910794165782,1.3036980283608084
2024-10-25 02:15:00+00:00,2024-10-25 17:45:00+00:00,67967.78,66948.26329999999,SL,-0.015000000000000109,2024-10,0.011824867606386532,1.2886980283608083
2024-10-25 04:30:00+00:00,2024-10-25 17:45:00+00:00,67809.64,66792.4954,SL,-0.014999999999999994,2024-10,0.014184561369150549,1.2736980283608084
2024-10-25 05:15:00+00:00,2024-10-25 18:00:00+00:00,67758.3,66741.9255,SL,-0.01500000000000008,2024-10,0.014953002067643406,1.2586980283608082
2024-10-25 23:15:00+00:00,2024-10-28 19:00:00+00:00,65835.68,69470.30828480219,TP,0.05520757566113383,2024-10,0.05744742060839975,1.3139056040219421
2024-10-25 23:30:00+00:00,2024-10-28 22:00:00+00:00,66280.92,70158.78912160204,TP,0.05850656752504398,2024-10,0.060184439202111285,1.3724121715469861
2024-10-25 23:45:00+00:00,2024-10-29 02:00:00+00:00,66698.33,70687.77989863047,TP,0.059813340133560586,2024-10,0.06455438989252052,1.4322255116805467
2024-10-30 03:30:00+00:00,2024-10-31 13:45:00+00:00,72321.27,71236.45095,SL,-0.015000000000000076,2024-10,0.00884566877766383,1.4172255116805466
2024-10-30 04:00:00+00:00,2024-10-31 13:45:00+00:00,72235.0,71151.475,SL,-0.01499999999999992,2024-10,0.010050529521700007,1.4022255116805467
2024-10-30 07:45:00+00:00,2024-10-31 13:45:00+00:00,72227.99,71144.57015,SL,-0.015000000000000078,2024-10,0.010148558751254115,1.3872255116805465
2024-11-01 02:15:00+00:00,2024-11-01 15:30:00+00:00,69390.01,70027.46399999999,TRAIL,0.009186538523340722,2024-11,0.03232367310510551,1.3964120502038873
2024-11-01 07:30:00+00:00,2024-11-01 14:15:00+00:00,69294.61,71454.36771441938,TP,0.031167759143451105,2024-11,0.03258521838855859,1.4275798093473384
2024-11-01 08:00:00+00:00,2024-11-01 14:30:00+00:00,69442.0,71568.56915171875,TP,0.030623673738065602,2024-11,0.03155079058782865,1.458203483085404
2024-11-01 08:15:00+00:00,2024-11-01 14:15:00+00:00,69462.0,71524.20706945313,TP,0.02968827660379961,2024-11,0.03009688750683822,1.4878917596892036
2024-11-01 16:00:00+00:00,2024-11-01 19:00:00+00:00,70032.61,68982.12085,SL,-0.014999999999999914,2024-11,0.0068903615044477555,1.4728917596892037
2024-11-01 16:15:00+00:00,2024-11-01 18:45:00+00:00,70224.01,69170.64984999999,SL,-0.01500000000000011,2024-11,0.0024491623306616248,1.4578917596892036
2024-11-02 14:45:00+00:00,2024-11-03 02:15:00+00:00,69263.48,68224.5278,SL,-0.014999999999999998,2024-11,0.005089550799353484,1.4428917596892037
2024-11-04 08:00:00+00:00,2024-11-04 16:45:00+00:00,68683.99,67653.73015,SL,-0.01500000000000003,2024-11,0.00845218805721681,1.4278917596892036
2024-11-04 21:45:00+00:00,2024-11-05 14:45:00+00:00,67120.57,70180.57426948928,TP,0.045589664531890534,2024-11,0.047742294202805347,1.473481424221094
2024-11-04 22:00:00+00:00,2024-11-05 19:45:00+00:00,67687.93,69199.52,TRAIL,0.022331751022671417,2024-11,0.04269564751056815,1.4958131752437656
2024-11-04 22:15:00+00:00,2024-11-05 19:45:00+00:00,67703.98,69199.52,TRAIL,0.02208939563080351,2024-11,0.042448464624974896,1.517902570874569
2024-11-05 20:00:00+00:00,2024-11-06 00:30:00+00:00,69498.0,70371.288,TRAIL,0.012565656565656572,2024-11,0.024864024864024864,1.5304682274402257
2024-11-05 22:15:00+00:00,2024-11-06 00:30:00+00:00,69228.0,70371.288,TRAIL,0.01651482059282372,2024-11,0.028861154446177848,1.5469830480330495
2024-11-07 04:45:00+00:00,2024-11-10 02:15:00+00:00,74707.34,77263.45456019074,TP,0.03421503911383739,2024-11,0.03735456248341868,1.581198087146887
2024-11-07 06:45:00+00:00,2024-11-10 02:15:00+00:00,74768.27,77348.34273015462,TP,0.03450758898332961,2024-11,0.03650920370365659,1.6157056761302164
2024-11-07 14:00:00+00:00,2024-11-07 20:15:00+00:00,74757.58,76736.40929012324,TP,0.02646994846707497,2024-11,0.027989268780503642,1.6421756245972914
2024-11-07 14:15:00+00:00,2024-11-08 18:30:00+00:00,74863.49,76895.26005511443,TP,0.027139665210831374,2024-11,0.028525386673797795,1.6693152898081227
2024-11-07 14:45:00+00:00,2024-11-08 19:30:00+00:00,74822.0,77122.79407813438,TP,0.030750234932698652,2024-11,0.0313727245997166,1.7000655247408214
2024-11-08 03:00:00+00:00,2024-11-10 04:45:00+00:00,75850.0,78442.87754385978,TP,0.03418427875886329,2024-11,0.04579749505603171,1.7342498034996847
2024-11-08 13:15:00+00:00,2024-11-10 04:30:00+00:00,75917.46,77613.08141884464,TP,0.022335065199028416,2024-11,0.02739211770256794,1.756584868698713
2024-11-08 13:30:00+00:00,2024-11-10 04:30:00+00:00,75988.01,77668.16560321288,TP,0.02211079883803888,2024-11,0.02643824992916653,1.778695667536752
2024-11-08 14:45:00+00:00,2024-11-10 04:30:00+00:00,75752.0,77872.33456127605,TP,0.027990476307900067,2024-11,0.02963618122293801,1.806686143844652
2024-11-08 15:00:00+00:00,2024-11-10 04:45:00+00:00,75893.08,78121.70494975633,TP,0.029365324872258784,2024-11,0.045203857848436294,1.8360514687169107
2024-11-09 02:15:00+00:00,2024-11-10 04:45:00+00:00,76252.24,78114.642899059,TP,0.024424238541175987,2024-11,0.040280783882545614,1.8604757072580866
2024-11-11 06:00:00+00:00,2024-11-11 14:30:00+00:00,80872.0,81589.04,TRAIL,0.008866356711840854,2024-11,0.02111979424275398,1.8693420639699274
2024-11-12 10:00:00+00:00,2024-11-12 10:30:00+00:00,87817.38,86500.1193,SL,-0.014999999999999987,2024-11,0.0019067979481965538,1.8543420639699275
2024-11-12 10:45:00+00:00,2024-11-12 13:30:00+00:00,86787.51,85297.80031039997,SL,-0.017165023971767706,2024-11,0.012366295564880307,1.8371770399981597
2024-11-12 13:00:00+00:00,2024-11-13 14:30:00+00:00,86496.0,89908.0,TRAIL,0.03944691083980762,2024-11,0.05207177210506844,1.8766239508379674
2024-11-12 13:45:00+00:00,2024-11-13 14:30:00+00:00,86330.52,89908.0,TRAIL,0.04143934265657146,2024-11,0.054088403498554115,1.918063293494539
2024-11-12 23:45:00+00:00,2024-11-13 04:30:00+00:00,87952.01,86632.72984999999,SL,-0.015000000000000069,2024-11,0.006946174396696649,1.9030632934945388
2024-11-13 01:30:00+00:00,2024-11-13 04:30:00+00:00,88086.52,86765.2222,SL,-0.015000000000000003,2024-11,0.0031459978212329803,1.888063293494539
2024-11-13 02:30:00+00:00,2024-11-13 04:45:00+00:00,87699.29,86383.80064999999,SL,-0.015000000000000041,2024-11,0.00513926623579286,1.8730632934945388
2024-11-13 20:00:00+00:00,2024-11-13 21:00:00+00:00,90741.4,88977.6706808043,SL,-0.0194368757722021,2024-11,0.004877817622386363,1.8536264177223367
2024-11-14 03:45:00+00:00,2024-11-14 14:30:00+00:00,89937.02,90688.52,TRAIL,0.008355847236210405,2024-11,0.020603084247176478,1.8619822649585471
2024-11-14 07:00:00+00:00,2024-11-14 14:30:00+00:00,89660.0,90688.52,TRAIL,0.011471336158822263,2024-11,0.023756413116216818,1.8734536011173695
2024-11-14 07:15:00+00:00,2024-11-14 14:30:00+00:00,89767.97,90688.52,TRAIL,0.010254771273094434,2024-11,0.0225250721387595,1.883708372390464
2024-11-14 15:00:00+00:00,2024-11-14 15:45:00+00:00,89393.5,88032.96557551491,SL,-0.015219612438097689,2024-11,0.0027406914372968953,1.8684887599523663
2024-11-14 16:15:00+00:00,2024-11-14 23:30:00+00:00,88226.78,86738.11277174254,SL,-0.016873190070605074,2024-11,0.017550906878841168,1.8516155698817611
2024-11-14 21:15:00+00:00,2024-11-14 23:30:00+00:00,88089.69,86768.34465,SL,-0.015000000000000036,2024-11,0.0030685770377895266,1.836615569881761
2024-11-15 04:45:00+00:00,2024-11-15 12:00:00+00:00,87454.57,89619.22736,TRAIL,0.024751792387750545,2024-11,0.037198170432945855,1.8613673622695115
2024-11-15 15:45:00+00:00,2024-11-18 15:30:00+00:00,88445.41,91158.808,TRAIL,0.0306787881926264,2024-11,0.04358157195494935,1.892046150462138
2024-11-16 08:15:00+00:00,2024-11-17 02:00:00+00:00,91224.98,89856.6053,SL,-0.015000000000000005,2024-11,0.004090436632597878,1.877046150462138
2024-11-16 12:15:00+00:00,2024-11-17 02:15:00+00:00,90811.29,89449.12065,SL,-0.014999999999999963,2024-11,0.006439067212898366,1.8620461504621382
2024-11-16 15:30:00+00:00,2024-11-17 21:45:00+00:00,90402.93,89046.88604999999,SL,-0.015000000000000074,2024-11,0.011582146729093983,1.847046150462138
2024-11-18 12:00:00+00:00,2024-11-18 15:30:00+00:00,90276.0,91158.808,TRAIL,0.009778988878550275,2024-11,0.022043511010678363,1.8568251393406883
2024-11-18 12:15:00+00:00,2024-11-18 20:15:00+00:00,90604.01,90820.95151999999,TRAIL,0.0023943920362905907,2024-11,0.021963597416935578,1.8592195313769788
2024-11-18 14:00:00+00:00,2024-11-18 15:30:00+00:00,90217.79,91158.808,TRAIL,0.010430514868519956,2024-11,0.02270295027178128,1.8696500462454988
2024-11-18 14:30:00+00:00,2024-11-18 20:15:00+00:00,90591.28,90820.95151999999,TRAIL,0.0025352497503069718,2024-11,0.02210720502017414,1.8721852959958059
2024-11-18 23:30:00+00:00,2024-11-21 03:30:00+00:00,90624.89,95815.46145613257,TP,0.05727534076049718,2024-11,0.05816327059817666,1.929460636756303
2024-11-19 09:30:00+00:00,2024-11-20 13:15:00+00:00,91299.99,94273.61345104667,TP,0.03256981135536444,2024-11,0.032865501956790964,1.9620304481116675
2024-11-19 14:00:00+00:00,2024-11-21 03:30:00+00:00,91724.55,95716.47019483088,TP,0.04352073893882146,2024-11,0.04547724682214293,2.005551187050489
2024-11-20 03:30:00+00:00,2024-11-21 03:15:00+00:00,91987.13,95464.44319792959,TP,0.03780217078116892,2024-11,0.04036292903148511,2.043353357831658
2024-11-20 03:45:00+00:00,2024-11-21 03:15:00+00:00,92039.99,95359.3951123632,TP,0.03606481391798493,2024-11,0.0397654323952012,2.079418171749643
2024-11-20 16:30:00+00:00,2024-11-21 04:00:00+00:00,93632.0,95816.24,TRAIL,0.023327922077922135,2024-11,0.035757006151742994,2.102746093827565
2024-11-21 15:30:00+00:00,2024-11-25 14:45:00+00:00,96234.52,95460.15492,TRAIL,-0.008046645631941669,2024-11,0.03484705903868997,2.0946994481956236
2024-11-21 15:45:00+00:00,2024-11-25 14:45:00+00:00,96672.0,95460.15492,TRAIL,-0.012535636792452821,2024-11,0.03016395647136704,2.082163811403171
2024-11-22 09:30:00+00:00,2024-11-24 12:15:00+00:00,98559.92,97081.5212,SL,-0.014999999999999954,2024-11,0.010431116421360697,2.0671638114031707
2024-11-25 01:30:00+00:00,2024-11-25 14:45:00+00:00,97259.99,95801.09015,SL,-0.015000000000000015,2024-11,0.016572179372011015,2.0521638114031706
2024-11-25 22:00:00+00:00,2024-11-25 22:30:00+00:00,94116.23,92704.48655,SL,-0.014999999999999942,2024-11,0.0001244206233080777,2.0371638114031705
2024-11-26 07:15:00+00:00,2024-11-26 08:15:00+00:00,93958.41,92549.03385,SL,-0.014999999999999961,2024-11,0.0014395731047385195,2.0221638114031704
2024-11-26 13:00:00+00:00,2024-11-26 16:15:00+00:00,92456.63,93212.97855999999,TRAIL,0.008180576774212774,2024-11,0.020425684994142556,2.030344388177383
2024-11-26 19:00:00+00:00,2024-11-26 20:30:00+00:00,92384.01,90998.24985,SL,-0.015000000000000022,2024-11,0.0004760564084630065,2.015344388177383
2024-11-26 20:30:00+00:00,2024-11-29 11:45:00+00:00,91415.98,97228.66020298007,TP,0.06358494655945356,2024-11,0.06500209263194477,2.0789293347368365
2024-11-26 21:00:00+00:00,2024-11-27 20:15:00+00:00,91144.01,97195.75568522261,TP,0.06639762377387848,2024-11,0.06653426813237658,2.145326958510715
2024-11-26 22:00:00+00:00,2024-11-29 15:00:00+00:00,92133.99,98112.33656694199,TP,0.06488752486397237,2024-11,0.06960308567988857,2.2102144833746875
2024-11-27 12:30:00+00:00,2024-11-27 16:30:00+00:00,93085.5,95904.96218692392,TP,0.0302889514148167,2024-11,0.03488835532924039,2.2405034347895043
2024-11-27 23:15:00+00:00,2024-12-02 17:45:00+00:00,95927.97,94489.05045,SL,-0.015000000000000062,2024-11,0.028062930967891888,2.225503434789504
2024-11-28 03:30:00+00:00,2024-12-03 08:30:00+00:00,95210.95,95354.45,TIMEOUT,0.00150717958386089,2024-11,0.03580512535585464,2.227010614373365
2024-11-28 04:15:00+00:00,2024-12-03 09:15:00+00:00,95741.2,95222.22,TIMEOUT,-0.005420654848696234,2024-11,0.03006845537762226,2.221589959524669
2024-11-28 06:30:00+00:00,2024-12-03 11:30:00+00:00,95615.17,94724.38,TIMEOUT,-0.009316408682848063,2024-11,0.031426184778001305,2.2122735508418208
2024-11-28 17:00:00+00:00,2024-11-29 15:15:00+00:00,95060.0,98597.81326139277,TP,0.037216634350860235,2024-11,0.037449926362297555,2.249490185192681
2024-11-28 18:00:00+00:00,2024-11-29 15:00:00+00:00,95130.06,98408.05938980213,TP,0.03445808180718203,2024-11,0.03591651261441447,2.283948266999863
2024-11-28 20:45:00+00:00,2024-11-29 11:45:00+00:00,94820.01,97347.56300548521,TP,0.026656325025542747,2024-11,0.02676861139331257,2.310604592025406
2024-11-28 21:00:00+00:00,2024-11-29 12:15:00+00:00,94919.98,97482.41493366484,TP,0.026995738238301828,2024-11,0.027181000248841226,2.337600330263708
2024-11-29 08:00:00+00:00,2024-11-29 15:00:00+00:00,95777.0,98318.43739027728,TP,0.026534944613814157,2024-11,0.028919260365223413,2.364135274877522
2024-11-29 23:15:00+00:00,2024-12-01 02:30:00+00:00,97264.01,95805.04985,SL,-0.01499999999999999,2024-11,0.0022851206731041556,2.349135274877522
2024-11-30 00:15:00+00:00,2024-12-01 02:30:00+00:00,97248.18,95789.4573,SL,-0.014999999999999986,2024-11,0.00020833294772209943,2.334135274877522
2024-11-30 02:00:00+00:00,2024-12-02 08:30:00+00:00,96580.0,95131.3,SL,-0.01499999999999997,2024-11,0.016048871401946573,2.319135274877522
2024-12-02 13:00:00+00:00,2024-12-03 13:45:00+00:00,95399.83,93968.83255,SL,-0.014999999999999951,2024-12,0.020512195881271494,2.3041352748775217
2024-12-04 02:15:00+00:00,2024-12-05 02:30:00+00:00,95609.55,99434.83209903302,TP,0.04000941432140431,2024-12,0.0628250002222581,2.344144689198926
2024-12-04 13:30:00+00:00,2024-12-04 20:00:00+00:00,95667.98,97768.76830368885,TP,0.02195915816022093,2024-12,0.02634131085447821,2.3661038473591467
2024-12-04 14:15:00+00:00,2024-12-04 20:00:00+00:00,95780.68,98131.28357259635,TP,0.024541521031134456,2024-12,0.025133669963504197,2.390645368390281
2024-12-04 15:00:00+00:00,2024-12-04 16:45:00+00:00,96044.01,94603.34985,SL,-0.01499999999999996,2024-12,0.0017581523303743835,2.375645368390281
2024-12-05 22:45:00+00:00,2024-12-06 17:30:00+00:00,96589.04,99515.806,TRAIL,0.03030122258177536,2024-12,0.04281500261313299,2.4059465909720563
2024-12-06 10:15:00+00:00,2024-12-06 17:30:00+00:00,97923.26,99515.806,TRAIL,0.016263204472563537,2024-12,0.028606482259679728,2.42220979544462
2024-12-06 13:00:00+00:00,2024-12-06 17:30:00+00:00,97937.02,99515.806,TRAIL,0.01612042106243372,2024-12,0.028461964638090843,2.4383302165070537
2024-12-06 23:30:00+00:00,2024-12-09 07:15:00+00:00,99843.62,98345.9657,SL,-0.014999999999999947,2024-12,0.015097409328708282,2.4233302165070536
2024-12-07 04:00:00+00:00,2024-12-09 12:00:00+00:00,99455.71,97963.87435,SL,-0.015000000000000081,2024-12,0.01905662329493192,2.4083302165070535
2024-12-07 04:45:00+00:00,2024-12-09 12:00:00+00:00,99494.57,98002.15145,SL,-0.01500000000000002,2024-12,0.018658606193282638,2.3933302165070534
2024-12-09 16:00:00+00:00,2024-12-09 20:15:00+00:00,98116.0,96644.26,SL,-0.015000000000000053,2024-12,0.002874148966529414,2.3783302165070532
2024-12-10 03:30:00+00:00,2024-12-10 16:30:00+00:00,96610.0,95160.85,SL,-0.01499999999999994,2024-12,0.017182486285063657,2.363330216507053
2024-12-11 00:45:00+00:00,2024-12-11 20:00:00+00:00,96412.61,101341.97230286742,TP,0.05112777574289731,2024-12,0.05157406277041975,2.4144579922499503
2024-12-12 11:15:00+00:00,2024-12-15 12:00:00+00:00,100453.2,102949.1792021522,TP,0.024847184581000912,2024-12,0.025233641138360977,2.4393051768309513
2024-12-12 19:45:00+00:00,2024-12-15 23:15:00+00:00,99481.32,104751.35981599937,TP,0.05297516977055957,2024-12,0.057987569927700926,2.4922803466015107
2024-12-13 02:00:00+00:00,2024-12-15 12:00:00+00:00,99344.0,102915.39140998294,TP,0.03594974442324591,2024-12,0.03668062489933967,2.5282300910247564
2024-12-13 02:15:00+00:00,2024-12-15 04:15:00+00:00,99362.5,102803.963452127,TP,0.03463543542208585,2024-12,0.035098754560322055,2.562865526446842
2024-12-13 02:30:00+00:00,2024-12-15 12:30:00+00:00,99615.35,103147.18034840366,TP,0.0354546799103116,2024-12,0.036838198129103536,2.5983202063571538
2024-12-13 03:00:00+00:00,2024-12-15 12:30:00+00:00,99636.38,103057.54596367458,TP,0.03433651406920419,2024-12,0.03661935529974087,2.632656720426358
2024-12-13 16:00:00+00:00,2024-12-15 23:15:00+00:00,100115.37,103964.68101266574,TP,0.03844875180170379,2024-12,0.05128713003807512,2.671105472228062
2024-12-13 16:15:00+00:00,2024-12-15 23:15:00+00:00,100207.98,104046.3973689039,TP,0.03830450797335603,2024-12,0.05031555371139109,2.7094099802014178
2024-12-14 07:30:00+00:00,2024-12-15 23:15:00+00:00,101760.49,104021.42703125456,TP,0.022218220757924324,2024-12,0.03429140327449283,2.7316282009593422
2024-12-14 14:00:00+00:00,2024-12-15 16:30:00+00:00,101421.15,103450.81328924453,TP,0.02001222909861044,2024-12,0.02039860522188918,2.7516404300579524
2024-12-15 22:00:00+00:00,2024-12-15 23:15:00+00:00,102963.87,103987.0,TRAIL,0.009936786564063731,2024-12,0.022203225267270983,2.7615772166220163
2024-12-16 09:00:00+00:00,2024-12-16 18:15:00+00:00,104556.05,107384.9512257996,TP,0.027056313104785353,2024-12,0.03093030006393697,2.7886335297268015
2024-12-16 09:15:00+00:00,2024-12-16 18:15:00+00:00,104748.7,107542.99399538533,TP,0.026676168729400315,2024-12,0.029034250544398194,2.815309698456202
2024-12-16 10:30:00+00:00,2024-12-16 18:15:00+00:00,104631.99,107278.87597408931,TP,0.025297100572103326,2024-12,0.03018206955635647,2.840606799028305
2024-12-16 12:00:00+00:00,2024-12-16 16:30:00+00:00,104060.46,107069.4830324429,TP,0.028916103507930863,2024-12,0.030127869894098058,2.869522902536236
2024-12-16 12:45:00+00:00,2024-12-16 16:15:00+00:00,103656.02,106800.11449791439,TP,0.030332000957729057,2024-12,0.030967617703245753,2.899854903493965
2024-12-16 13:00:00+00:00,2024-12-16 18:15:00+00:00,104039.66,107376.29774806336,TP,0.032070825184005336,2024-12,0.03604721507163707,2.93192572867797
2024-12-17 01:00:00+00:00,2024-12-17 15:00:00+00:00,105980.79,106959.27944,TRAIL,0.009232705662979158,2024-12,0.02238339608527174,2.941158434340949
2024-12-17 12:15:00+00:00,2024-12-18 01:45:00+00:00,106859.03,105256.14455,SL,-0.015000000000000015,2024-12,0.013980755767668874,2.926158434340949
2024-12-17 15:30:00+00:00,2024-12-18 03:00:00+00:00,106505.95,104908.36074999999,SL,-0.015000000000000043,2024-12,0.010582037904924587,2.911158434340949
2024-12-17 16:00:00+00:00,2024-12-17 22:45:00+00:00,107035.99,105430.45015,SL,-0.015000000000000008,2024-12,0.005577656636800339,2.8961584343409488
2024-12-18 04:30:00+00:00,2024-12-18 20:00:00+00:00,104052.84,102492.0474,SL,-0.015000000000000006,2024-12,0.012466358438654856,2.8811584343409486
2024-12-19 02:30:00+00:00,2024-12-19 15:15:00+00:00,99336.8,99640.13592,TRAIL,0.00305361074647057,2024-12,0.03486432017137654,2.8842120450874194
2024-12-19 02:45:00+00:00,2024-12-19 15:15:00+00:00,100534.56,99640.13592,TRAIL,-0.00889668269299629,2024-12,0.022535036707774948,2.875315362394423
2024-12-19 15:30:00+00:00,2024-12-19 17:45:00+00:00,100236.0,98732.45999999999,SL,-0.015000000000000081,2024-12,0.009617303164531705,2.860315362394423
2024-12-19 15:45:00+00:00,2024-12-19 17:30:00+00:00,100679.86,99169.6621,SL,-0.014999999999999993,2024-12,0.005166276552231989,2.8453153623944227
2024-12-20 10:15:00+00:00,2024-12-20 11:15:00+00:00,94722.01,93301.17985,SL,-0.01499999999999994,2024-12,0.004145815740185535,2.8303153623944226
2024-12-24 07:00:00+00:00,2024-12-24 14:15:00+00:00,93921.55,96875.11201065959,TP,0.03144711741511494,2024-12,0.03176459502638095,2.8617624798095376
2024-12-24 11:00:00+00:00,2024-12-24 14:15:00+00:00,94159.85,96876.79004399729,TP,0.028854549407176,2024-12,0.029153402432140527,2.8906170292167137
2024-12-24 20:00:00+00:00,2024-12-26 08:15:00+00:00,97600.84,96136.8274,SL,-0.015000000000000019,2024-12,0.024209422787754703,2.8756170292167136
2025-01-03 06:30:00+00:00,2025-01-03 18:45:00+00:00,96672.0,98619.4703755831,TP,0.02014513380899433,2025-01,0.020956016219794777,2.895762163025708
2025-01-03 09:15:00+00:00,2025-01-03 18:15:00+00:00,96491.86,98452.85543715283,TP,0.020322910524813484,2025-01,0.02062225767023254,2.9160850735505215
2025-01-06 01:15:00+00:00,2025-01-06 14:45:00+00:00,98121.23,100351.92747254144,TP,0.022734096102764383,2025-01,0.03234773962780532,2.9388191696532857
2025-01-15 05:15:00+00:00,2025-01-15 20:00:00+00:00,96973.31,100147.65653038985,TP,0.03273422893773406,2025-01,0.03533632089076889,2.97155339859102
2025-01-15 09:30:00+00:00,2025-01-15 15:00:00+00:00,97054.22,99660.30712156853,TP,0.02685186817810223,2025-01,0.027219630429259015,2.998405266769122
2025-01-16 09:15:00+00:00,2025-01-16 15:00:00+00:00,98947.46,97463.24810000001,SL,-0.014999999999999946,2025-01,0.005765382961826272,2.9834052667691218
2025-01-16 14:00:00+00:00,2025-01-16 14:45:00+00:00,99134.69,97647.66965,SL,-0.015000000000000062,2025-01,0.002928036593446795,2.9684052667691216
2025-01-16 15:00:00+00:00,2025-01-17 01:30:00+00:00,97813.15,100446.008,TRAIL,0.026917219208255818,2025-01,0.03938989798406458,2.9953224859773773
2025-01-16 15:15:00+00:00,2025-01-17 01:30:00+00:00,98414.57,100446.008,TRAIL,0.020641638732963975,2025-01,0.03303809588356676,3.015964124710341
2025-01-18 03:45:00+00:00,2025-01-19 21:15:00+00:00,103559.82,104729.25476,TRAIL,0.011292359913333078,2025-01,0.02764209130529568,3.027256484623674
2025-01-18 04:30:00+00:00,2025-01-19 21:15:00+00:00,103460.81,104729.25476,TRAIL,0.012260147199698113,2025-01,0.02862552496930959,3.039516631823372
2025-01-18 05:15:00+00:00,2025-01-19 21:15:00+00:00,103660.77,104729.25476,TRAIL,0.010307513247296852,2025-01,0.02664132245978868,3.049824145070669
2025-01-18 06:00:00+00:00,2025-01-19 21:15:00+00:00,103236.55,104729.25476,TRAIL,0.014459072489346005,2025-01,0.030860000648994856,3.064283217560015
2025-01-18 06:30:00+00:00,2025-01-19 21:15:00+00:00,103390.39,104729.25476,TRAIL,0.01294960547106938,2025-01,0.029326129826959677,3.077232823031084
2025-01-18 08:15:00+00:00,2025-01-19 21:15:00+00:00,102804.0,104729.25476,TRAIL,0.018727430450177,2025-01,0.03519736586125047,3.095960253481261
2025-01-18 08:30:00+00:00,2025-01-19 21:15:00+00:00,103194.43,104729.25476,TRAIL,0.01487313569152912,2025-01,0.031280758079675425,3.1108333891727904
2025-01-19 08:30:00+00:00,2025-01-19 22:00:00+00:00,104726.09,103155.19864999999,SL,-0.015000000000000051,2025-01,0.016197873901336302,3.0958333891727903
2025-01-19 09:15:00+00:00,2025-01-19 21:15:00+00:00,104307.56,104729.25476,TRAIL,0.004042801499718702,2025-01,0.02027532807784973,3.099876190672509
2025-01-19 09:30:00+00:00,2025-01-19 22:00:00+00:00,104566.99,102998.48515000001,SL,-0.014999999999999975,2025-01,0.017744031840258457,3.084876190672509
2025-01-19 12:00:00+00:00,2025-01-19 22:00:00+00:00,104781.71,103209.98435,SL,-0.015000000000000072,2025-01,0.01565845795034254,3.0698761906725087
2025-01-19 21:30:00+00:00,2025-01-19 22:00:00+00:00,104402.39,102836.35415,SL,-0.015000000000000003,2025-01,0.001352172110236157,3.0548761906725086
2025-01-20 16:15:00+00:00,2025-01-20 17:00:00+00:00,105620.01,103631.37745064076,SL,-0.018828179900373332,2025-01,0.013539006481821061,3.0360480107721353
2025-01-21 00:00:00+00:00,2025-01-21 01:15:00+00:00,102403.56,100508.86433088931,SL,-0.01850224415157725,2025-01,0.002621393240625642,3.017545766620558
2025-01-21 06:00:00+00:00,2025-01-21 14:30:00+00:00,101780.0,104056.16,TRAIL,0.022363529180585612,2025-01,0.03478089998034977,3.0399092958011433
2025-01-21 06:45:00+00:00,2025-01-21 14:30:00+00:00,102176.04,104056.16,TRAIL,0.01840079141841874,2025-01,0.030770031800018933,3.058310087219562
2025-01-22 05:00:00+00:00,2025-01-22 13:45:00+00:00,105753.85,104167.54225,SL,-0.015000000000000067,2025-01,0.001873690650505813,3.0433100872195618
2025-01-22 05:45:00+00:00,2025-01-22 13:45:00+00:00,105689.15,104103.81275,SL,-0.014999999999999972,2025-01,0.002487010256019713,3.0283100872195616
2025-01-22 08:30:00+00:00,2025-01-22 16:30:00+00:00,105080.01,103503.80984999999,SL,-0.015000000000000041,2025-01,0.004798438827708536,3.0133100872195615
2025-01-22 20:45:00+00:00,2025-01-23 01:45:00+00:00,104321.1,102756.2835,SL,-0.015000000000000006,2025-01,0.001856767231173723,2.9983100872195614
2025-01-23 10:00:00+00:00,2025-01-23 14:30:00+00:00,101896.3,103815.99696,TRAIL,0.018839712138713584,2025-01,0.031214283541208025,3.017149799358275
2025-01-23 10:45:00+00:00,2025-01-23 14:30:00+00:00,101683.61,103815.99696,TRAIL,0.020970803062558493,2025-01,0.033371258160484245,3.0381206024208334
2025-01-23 11:00:00+00:00,2025-01-23 14:30:00+00:00,101979.99,103815.99696,TRAIL,0.01800360011802314,2025-01,0.03036801631378855,3.0561242025388564
2025-01-23 11:15:00+00:00,2025-01-23 14:30:00+00:00,102025.41,103815.99696,TRAIL,0.01755040200279519,2025-01,0.02990931376801127,3.0736746045416514
2025-01-24 03:15:00+00:00,2025-01-24 14:30:00+00:00,103479.98,104947.336,TRAIL,0.014180095512194724,2025-01,0.026498072380763932,3.087854700053846
2025-01-24 13:45:00+00:00,2025-01-26 23:00:00+00:00,105118.07,103541.29895000001,SL,-0.014999999999999958,2025-01,0.019044584817814795,3.072854700053846
2025-01-27 00:00:00+00:00,2025-01-27 01:00:00+00:00,102987.28,101442.4708,SL,-0.015000000000000032,2025-01,0.0005583213771642478,3.057854700053846
2025-01-27 01:15:00+00:00,2025-01-27 05:30:00+00:00,101665.93,100140.94105,SL,-0.01499999999999999,2025-01,0.0030517598176695903,3.0428547000538457
2025-01-27 18:45:00+00:00,2025-01-29 19:00:00+00:00,99180.0,101662.15696,TRAIL,0.02502678927203058,2025-01,0.04658197217180883,3.067881489325876
2025-01-28 09:30:00+00:00,2025-01-28 21:30:00+00:00,102628.78,101089.3483,SL,-0.01500000000000001,2025-01,0.011412198410621282,3.052881489325876
2025-01-28 14:15:00+00:00,2025-01-28 21:30:00+00:00,102580.26,101041.55609999999,SL,-0.015000000000000076,2025-01,0.011890591815618379,3.037881489325876
2025-01-28 14:45:00+00:00,2025-01-28 21:00:00+00:00,102641.99,101102.36015000001,SL,-0.014999999999999975,2025-01,0.011282029898290111,3.0228814893258757
2025-01-29 15:00:00+00:00,2025-01-29 20:15:00+00:00,102274.0,103432.89996,TRAIL,0.011331325263507785,2025-01,0.023614701683712363,3.0342128145893836
2025-01-30 14:15:00+00:00,2025-01-31 18:30:00+00:00,104909.42,103335.7787,SL,-0.015000000000000029,2025-01,0.014755776935951072,3.0192128145893835
2025-01-30 20:45:00+00:00,2025-01-31 18:30:00+00:00,104907.15,103333.54275,SL,-0.01500000000000001,2025-01,0.01053169397891379,3.0042128145893834
